{
    "RandomForest": {
        "recall": 0.7513368983957219,
        "precision": 0.5445736434108527,
        "f1_score": 0.6314606741573033,
        "accuracy": 0.7672107877927609,
        "best_threshold": 0.4
    },
    "XGBoost": {
        "recall": 0.6497326203208557,
        "precision": 0.5785714285714286,
        "f1_score": 0.6120906801007556,
        "accuracy": 0.7814052519517388,
        "best_threshold": 0.4
    },
    "NeuralNetwork": {
        "recall": 0.9331550802139037,
        "precision": 0.3997709049255441,
        "f1": 0.5597433841218925,
        "accuracy": 0.6103619588360539,
        "pr_auc": 0.597552847437288,
        "best_threshold": 0.4
    }
}