{
    "RandomForest": {
        "recall": 0.8074866310160428,
        "precision": 0.4793650793650794,
        "f1_score": 0.601593625498008
    },
    "XGBoost": {
        "recall": 0.3716577540106952,
        "precision": 0.6619047619047619,
        "f1_score": 0.476027397260274
    }
}