{
    "RandomForest": {
        "recall": 0.7834224598930482,
        "precision": 0.5213523131672598,
        "f1_score": 0.6260683760683761,
        "accuracy": 0.751596877217885,
        "best_threshold": 0.4
    },
    "XGBoost": {
        "recall": 0.6363636363636364,
        "precision": 0.5748792270531401,
        "f1_score": 0.6040609137055838,
        "accuracy": 0.7785663591199432,
        "best_threshold": 0.4
    },
    "NeuralNetwork": {
        "recall": 0.8529411764705882,
        "precision": 0.45767575322812054,
        "f1": 0.5957049486461251,
        "accuracy": 0.6926898509581263,
        "pr_auc": 0.6212295677748157,
        "best_threshold": 0.4
    }
}