{
    "RandomForest": {
        "recall": 0.8689839572192514,
        "precision": 0.46829971181556196,
        "f1_score": 0.6086142322097379,
        "accuracy": 0.7033356990773598,
        "best_threshold": 0.4
    },
    "XGBoost": {
        "recall": 0.5989304812834224,
        "precision": 0.5743589743589743,
        "f1_score": 0.5863874345549738,
        "accuracy": 0.7757274662881476,
        "best_threshold": 0.4
    },
    "NeuralNetwork": {
        "recall": 0.8770053475935828,
        "precision": 0.4600280504908836,
        "f1": 0.6034958601655934,
        "accuracy": 0.6941092973740242,
        "pr_auc": 0.6226132285581556,
        "best_threshold": 0.4
    }
}