{
    "RandomForest": {
        "recall": 0.8796791443850267,
        "precision": 0.4494535519125683,
        "f1_score": 0.5949367088607594,
        "accuracy": 0.6820440028388929,
        "best_threshold": 0.4
    },
    "XGBoost": {
        "recall": 0.6363636363636364,
        "precision": 0.6134020618556701,
        "f1_score": 0.6246719160104987,
        "accuracy": 0.7970191625266146,
        "best_threshold": 0.4
    },
    "NeuralNetwork": {
        "recall": 0.8663101604278075,
        "precision": 0.46285714285714286,
        "f1": 0.6033519553072626,
        "accuracy": 0.6976579134137686,
        "pr_auc": 0.6226686446935124,
        "best_threshold": 0.4
    }
}