{
    "RandomForest": {
        "recall": 0.8796791443850267,
        "precision": 0.425614489003881,
        "f1_score": 0.5736704446381866
    },
    "XGBoost": {
        "recall": 0.3983957219251337,
        "precision": 0.6711711711711712,
        "f1_score": 0.5
    }
}