{
    "RandomForest": {
        "recall": 0.6470588235294118,
        "precision": 0.587378640776699,
        "f1_score": 0.6157760814249363,
        "accuracy": 0.7856635911994322,
        "best_threshold": 0.6
    },
    "XGBoost": {
        "recall": 0.43315508021390375,
        "precision": 0.6923076923076923,
        "f1_score": 0.5328947368421053,
        "accuracy": 0.7984386089425124,
        "best_threshold": 0.55
    }
}