{
    "RandomForest": {
        "recall": 0.8128342245989305,
        "precision": 0.5152542372881356,
        "f1_score": 0.6307053941908713,
        "accuracy": 0.7473385379701917,
        "best_threshold": 0.4
    },
    "XGBoost": {
        "recall": 0.6417112299465241,
        "precision": 0.5769230769230769,
        "f1_score": 0.6075949367088608,
        "accuracy": 0.7799858055358411,
        "best_threshold": 0.4
    },
    "NeuralNetwork": {
        "recall": 0.9010695187165776,
        "precision": 0.4499332443257677,
        "f1": 0.6001780943900267,
        "accuracy": 0.681334279630944,
        "pr_auc": 0.6266237908228225,
        "best_threshold": 0.4
    }
}